0,0.5229
1,-0.1864
2,0.1122
3,0.4140
4,-0.3009
5,-0.0002
6,0.2547
7,-0.4167
8,-0.2044
9,0.2388
10,0.4293
11,-0.2030
12,0.0070
13,0.2164
14,-0.3762
15,-0.1228
16,0.2091
17,0.4576
18,-0.2615
19,0.0272
20,0.3192
21,-0.4055
22,-0.1147
23,0.1303
24,0.4575
25,-0.3277
26,0.0849
27,0.3069
28,-0.3766
29,-0.1350
30,0.1511
31,0.4536
32,-0.2943
33,-0.0137
34,0.2663
35,-0.5040
36,-0.1838
37,0.0984
38,0.3347
39,-0.3552
40,-0.1614
41,0.2633
42,0.4352
43,-0.2156
44,-0.0241
45,0.1668
46,0.5885
47,-0.2095
48,0.1038
49,0.3338
50,-0.4039
51,-0.1337
52,0.1398
53,0.4088
54,-0.3312
55,-0.1047
56,0.2040
57,0.4746
58,-0.2057
59,-0.0022
60,0.1801
61,0.5931
62,-0.2136
63,0.0704
64,0.3124
65,-0.4340
66,-0.1725
67,0.0923
68,0.3319
69,-0.3960
70,-0.1782
71,0.1218
72,0.3423
73,-0.3053
74,-0.1518
75,0.0631
76,0.3602
77,-0.4759
78,-0.0727
79,0.1192
80,0.2899
81,-0.3830
82,-0.1269
83,0.1455
84,0.3759
85,-0.3821
86,-0.1321
87,0.1210
88,0.3491
89,-0.3904
90,-0.1842
91,0.1042
92,0.3545
93,-0.3460
94,-0.1628
95,-0.0008
96,0.3920
97,-0.4350
98,-0.1713
99,0.0090
100,0.1681
101,-0.5164
102,-0.2719
103,-0.0111
104,0.2077
105,0.4505
106,-0.3234
107,-0.0819
108,0.1346
109,0.3919
110,-0.4425
111,-0.0584
112,0.0937
113,0.2659
114,-0.4467
115,-0.2098
116,0.0641
117,0.2547
118,0.3827
119,-0.2915
120,-0.0988
121,0.1722
122,0.3599
123,-0.3993
124,-0.1921
125,0.0391
126,0.2659
127,0.4921
128,-0.3115
129,-0.0657
130,0.1625
131,0.3450
132,-0.3987
133,-0.2381
134,0.1327
135,0.2715
136,0.4097
137,-0.2956
138,-0.0720
139,0.1887
140,0.3246
141,-0.4244
142,-0.2069
143,-0.0276
144,0.2302
145,0.4046
146,-0.3887
147,-0.1741
148,0.0438
149,0.2572
150,0.4701
151,-0.3675
152,-0.1144
153,0.1006
154,0.2698
155,-0.4873
156,-0.3607
157,-0.0032
158,0.1429
159,0.2678
160,-0.4508
161,-0.2405
162,-0.0138
163,0.1294
164,0.2514
165,-0.4701
166,-0.2626
167,-0.0389
168,0.1428
169,0.3485
170,-0.4625
171,-0.2579
172,-0.0785
173,0.1417
174,0.3445
175,-0.3827
176,-0.2677
177,-0.1325
178,0.2128
179,0.3261
180,-0.4455
181,-0.2919
182,-0.2011
183,0.1414
184,0.2518
185,0.3823
186,-0.3720
187,-0.1768
188,0.0555
189,0.2044
190,0.3979
191,-0.4252
192,-0.2329
193,-0.0449
194,0.1425
195,0.3331
196,0.4986
197,-0.3034
198,-0.1598
199,0.0661
200,0.2125
201,0.3751
202,-0.4299
203,-0.2891
204,-0.0661
205,0.1187
206,0.2371
207,0.5656
208,-0.4329
209,-0.1055
210,0.0105
211,0.1919
212,0.4102
213,-0.4632
214,-0.2667
215,-0.1122
216,0.0249
217,0.2404
218,0.3725
219,-0.4423
220,-0.2907
221,-0.1151
222,0.0560
223,0.2266
224,0.4005
225,-0.4423
226,-0.2697
227,-0.1428
228,0.0663
229,0.2373
230,0.3624
231,-0.4387
232,-0.3561
233,-0.0426
234,0.0182
235,0.1404
236,0.3449
237,-0.5838
238,-0.2733
239,-0.1740
240,-0.0960
241,0.2128
242,0.3103
243,0.4732
244,-0.3807
245,-0.2190
246,-0.0410
247,0.0950
248,0.2135
249,0.4105
250,-0.4430
251,-0.3093
252,-0.1762
253,-0.0192
254,0.1335
255,0.2855
256,0.4408
257,-0.4205
258,-0.2664
259,-0.1580
260,0.0326
261,0.1850
262,0.2916
263,0.4804
264,-0.4639
265,-0.1690
266,-0.1268
267,-0.0230
268,0.1629
269,0.3107
270,-0.4923
271,-0.4116
272,-0.3521
273,-0.0618
274,0.0171
275,0.1614
276,0.3427
277,0.4407
278,-0.4083
279,-0.2908
280,-0.1908
281,-0.0124
282,0.0826
283,0.2223
284,0.3989
285,-0.5162
286,-0.3821
287,-0.2485
288,-0.1118
289,0.0206
290,0.1524
291,0.2874
292,0.3974
293,-0.4603
294,-0.3722
295,-0.2019
296,-0.1112
297,-0.0041
298,0.1438
299,0.2742
300,0.3795
301,-0.4828
302,-0.4201
303,-0.1471
304,-0.1062
305,-0.0452
306,0.2260
307,0.2652
308,0.3245
309,-0.5011
310,-0.4843
311,-0.2160
312,-0.1797
313,-0.1233
314,0.1225
315,0.1778
316,0.2118
317,0.4766
318,-0.4784
319,-0.3427
320,-0.2489
321,-0.1313
322,0.0027
323,0.0533
324,0.0827
325,0.3428
326,0.3917
327,-0.4857
328,-0.3966
329,-0.2835
330,-0.1542
331,-0.0668
332,0.0445
333,0.1514
334,0.2577
335,0.3258
336,-0.5399
337,-0.4729
338,-0.3688
339,-0.2654
340,-0.1588
341,-0.0565
342,0.0452
343,0.1501
344,0.2299
345,0.3506
346,0.4538
347,-0.4597
348,-0.3577
349,-0.3221
350,-0.2044
351,-0.1041
352,-0.0289
353,0.0871
354,0.1857
355,0.2385
356,0.3734
357,-0.6041
358,-0.3630
359,-0.3539
360,-0.3454
361,-0.1061
362,-0.1195
363,-0.0713
364,0.0590
365,0.1512
366,0.1769
367,0.4128
368,0.4166
369,-0.4437
370,-0.4203
371,-0.3316
372,-0.2059
373,-0.1635
374,-0.1838
375,0.0474
376,0.0466
377,0.0660
378,0.2748
379,0.2930
380,0.2899
381,0.5176
382,-0.4744
383,-0.3757
384,-0.3190
385,-0.2384
386,-0.1415
387,-0.1280
388,-0.1357
389,0.0874
390,0.0992
391,0.1764
392,0.2905
393,0.3212
394,0.3966
395,0.5090
396,-0.4704
397,-0.4006
398,-0.3313
399,-0.3002
400,-0.1907
401,-0.1646
402,-0.0938
403,-0.0068
404,0.0383
405,0.1073
406,0.1927
407,0.2360
408,0.2619
409,0.3662
410,0.3871
411,-0.5389
412,-0.4985
413,-0.4341
414,-0.3741
415,-0.3147
416,-0.2520
417,-0.1938
418,-0.1361
419,-0.0752
420,-0.0393
421,-0.0041
422,0.0551
423,0.1305
424,0.1641
425,0.2215
426,0.2952
427,0.3270
428,0.3827
429,0.4340
430,0.4847
431,-0.4942
432,-0.4240
433,-0.4126
434,-0.3642
435,-0.3163
436,-0.2653
437,-0.2186
438,-0.1725
439,-0.1232
440,-0.0989
441,-0.0339
442,0.0137
443,0.0362
444,0.0582
445,0.1040
446,0.1455
447,0.1864
448,0.2305
449,0.2702
450,0.3093
451,0.3517
452,0.3690
453,0.3857
454,0.4264
455,-0.5082
456,-0.5101
457,-0.4957
458,-0.4405
459,-0.4028
460,-0.3901
461,-0.3367
462,-0.3006
463,-0.2897
464,-0.2380
465,-0.2451
466,-0.2152
467,-0.1859
468,-0.1534
469,-0.1252
470,-0.0977
471,-0.0669
472,-0.0612
473,-0.0146
474,0.0144
475,0.0184
476,0.0218
477,0.0491
478,0.0720
479,0.0944
480,0.1200
481,0.1412
482,0.1618
483,0.1856
484,0.1844
485,0.1826
486,0.2047
487,0.2431
488,0.2396
489,0.2599
490,0.2966
491,0.2913
492,0.3100
493,0.3242
494,0.3379
495,0.3134
496,0.3673
497,0.3378
498,0.3530
499,0.3845
500,0.3740
501,0.3874
502,0.4171
503,0.4049
504,0.3752
505,0.4238
506,0.3892
507,0.3991
508,0.4461
509,0.4097
510,0.4179
511,0.4424
512,0.4250
513,0.4314
514,0.4542
515,0.3936
516,0.3118
517,0.4608
518,0.3985
519,0.4015
520,0.4415
521,0.3981
522,0.3994
523,0.4377
524,0.3512
525,0.2641
526,0.4079
527,0.3404
528,0.2516
529,0.3937
530,0.3244
531,0.3205
532,0.3535
533,0.3032
534,0.1902
535,0.3288
536,0.2354
537,0.1621
538,0.2782
539,0.2038
540,0.1080
541,0.2431
542,0.1669
543,0.0695
544,0.2028
545,0.0835
546,0.0050
547,0.1366
548,0.0362
549,-0.0440
550,0.0859
551,-0.0162
552,-0.1189
553,0.0092
554,-0.1153
555,-0.1783
556,-0.1592
557,-0.1782
558,-0.2637
559,-0.1390
560,-0.2463
561,-0.3335
562,-0.2106
563,-0.3196
564,-0.4086
565,-0.4153
566,-0.4396
567,-0.5095
568,-0.4973
569,-0.5233
570,0.4586
571,0.4070
572,0.3548
573,0.3265
574,0.2939
575,0.2606
576,0.2306
577,0.1962
578,0.1613
579,0.1295
580,0.0727
581,0.0153
582,-0.0182
583,-0.0354
584,-0.0945
585,-0.1297
586,-0.1487
587,-0.2095
588,-0.2465
589,-0.2878
590,-0.3298
591,-0.4098
592,-0.4115
593,-0.4966
594,0.4714
595,0.4304
596,0.4264
597,0.3390
598,0.1890
599,0.2905
600,0.1600
601,0.0497
602,0.1288
603,0.0172
604,-0.1156
605,-0.0175
606,-0.1308
607,-0.2653
608,-0.1690
609,-0.3254
610,-0.4410
611,-0.3464
612,-0.4839
613,-0.6012
614,0.3759
615,0.3609
616,0.2664
617,0.1881
618,0.1507
619,0.0958
620,0.0158
621,-0.0234
622,-0.0800
623,-0.1618
624,-0.2027
625,-0.3025
626,-0.3652
627,-0.4286
628,-0.4887
629,0.4590
630,0.4146
631,0.3283
632,0.2245
633,0.1990
634,0.0902
635,0.0261
636,-0.0011
637,-0.1116
638,-0.1776
639,-0.2272
640,-0.3187
641,-0.3864
642,-0.4377
643,0.5226
644,0.3666
645,0.2308
646,0.3051
647,0.1474
648,-0.0109
649,0.0617
650,-0.1185
651,-0.2371
652,-0.2735
653,-0.3481
654,-0.4892
655,-0.4201
656,0.4254
657,0.3071
658,0.2258
659,0.1439
660,0.0653
661,-0.0178
662,-0.1014
663,-0.1818
664,-0.2872
665,-0.3519
666,-0.4340
667,-0.5412
668,0.4046
669,0.2756
670,0.1911
671,0.1230
672,0.0129
673,-0.0733
674,-0.1432
675,-0.2964
676,-0.4709
677,-0.4145
678,0.5255
679,0.3493
680,0.1725
681,0.2265
682,0.0279
683,-0.1093
684,-0.1643
685,-0.2574
686,-0.4170
687,-0.3664
688,-0.5479
689,0.3237
690,0.2239
691,0.1235
692,0.0263
693,-0.0753
694,-0.1774
695,-0.2763
696,-0.4003
697,-0.4835
698,0.3829
699,0.2816
700,0.2174
701,0.0698
702,-0.0332
703,-0.1198
704,-0.2485
705,-0.3532
706,-0.4416
707,0.4817
708,0.2887
709,0.1158
710,0.1530
711,-0.0418
712,-0.2371
713,-0.2016
714,-0.4188
715,-0.5745
716,0.3436
717,0.2488
718,0.1365
719,-0.0008
720,-0.0973
721,-0.2526
722,-0.3710
723,-0.4900
724,0.4028
725,0.2865
726,0.1865
727,0.0445
728,-0.1149
729,-0.1959
730,-0.3603
731,-0.4800
732,0.3215
733,0.3454
734,0.1580
735,-0.0507
736,-0.0285
737,-0.2590
738,-0.4487
739,-0.4282
740,0.3686
741,0.2431
742,0.0718
743,-0.0174
744,-0.1861
745,-0.3384
746,-0.4500
747,0.4294
748,0.2998
749,0.1658
750,0.0312
751,-0.1415
752,-0.2359
753,-0.4136
754,-0.5466
755,0.3281
756,0.2315
757,0.0514
758,-0.1912
759,-0.1824
760,-0.4055
761,0.4658
762,0.2829
763,0.1822
764,0.0433
765,-0.1620
766,-0.2852
767,-0.4258
768,0.4415
769,0.2959
770,0.1497
771,0.0068
772,-0.1612
773,-0.3298
774,-0.4745
775,0.3887
776,0.2805
777,0.0889
778,-0.0581
779,-0.1681
780,-0.4028
781,0.4569
782,0.2417
783,0.2367
784,-0.0004
785,-0.2173
786,-0.2240
787,-0.4628
788,0.3515
789,0.1943
790,0.0366
791,-0.1179
792,-0.2975
793,-0.4363
794,0.3745
795,0.2177
796,0.0978
797,-0.1054
798,-0.2639
799,-0.4062
800,0.4839
801,0.2164
802,-0.0104
803,-0.0270
804,-0.2756
805,-0.5041
806,0.3618
807,0.2356
808,0.0298
809,-0.1596
810,-0.3082
811,-0.4743
812,0.3675
813,0.1964
814,0.0248
815,-0.1850
816,-0.3164
817,0.5431
818,0.3071
819,0.1364
820,0.0026
821,-0.2144
822,-0.4942
823,0.3619
824,0.2259
825,0.0517
826,-0.1683
827,-0.3061
828,0.4850
829,0.3085
830,0.1276
831,-0.0539
832,-0.2321
833,-0.4148
834,0.4350
835,0.1891
836,-0.0781
837,-0.1144
838,-0.3620
839,0.4642
840,0.1947
841,0.1561
842,-0.1352
843,-0.3651
844,-0.5127
845,0.3100
846,0.1236
847,-0.0878
848,-0.2585
849,-0.4879
850,0.3318
851,0.1594
852,-0.0549
853,-0.2453
854,-0.4194
855,0.4181
856,0.1394
857,-0.1192
858,-0.1884
859,-0.4481
860,0.3658
861,0.1049
862,-0.0738
863,-0.2700
864,-0.4913
865,0.3405
866,0.1387
867,-0.0598
868,-0.2834
869,-0.5076
870,0.3006
871,0.0997
872,-0.0641
873,-0.3113
874,0.4532
875,0.2049
876,0.0387
877,-0.1656
878,-0.4364
879,0.4080
880,0.2188
881,-0.0292
882,-0.2402
883,-0.4518
884,0.3482
885,0.1393
886,-0.0533
887,-0.2879
888,0.4684
889,0.1913
890,0.1036
891,-0.1747
892,-0.4743
893,0.3413
894,0.1440
895,-0.0707
896,-0.3106
897,0.5027
898,0.2824
899,0.0654
900,-0.1768
901,-0.4195
902,0.3702
903,0.1508
904,-0.0316
905,-0.2973
906,0.4487
907,0.1818
908,-0.0029
909,-0.2258
910,-0.5151
911,0.3108
912,0.1031
913,-0.1635
914,-0.3930
915,0.4098
916,0.1584
917,-0.0691
918,-0.2802
919,0.5203
920,0.2045
921,-0.0912
922,-0.1974
923,-0.4943
924,0.2826
925,-0.0153
926,-0.2312
927,-0.4644
928,0.3102
929,0.0719
930,-0.1669
931,-0.4024
932,0.2419
933,0.1500
934,-0.1532
935,-0.3911
936,0.2923
937,0.1980
938,-0.1489
939,-0.4343
940,0.3541
941,0.1296
942,-0.1124
943,-0.3794
944,0.4066
945,0.1177
946,-0.1265
947,-0.3545
948,0.4292
949,0.1380
950,-0.2158
951,-0.3182
952,0.3560
953,0.1076
954,-0.1865
955,-0.3984
956,0.3186
957,0.0680
958,-0.1870
959,-0.4426
960,0.3134
961,0.0605
962,-0.1762
963,0.5988
964,0.2576
965,-0.0636
966,-0.1746
967,0.4908
968,0.1925
969,-0.0896
970,-0.3309
971,0.4188
972,0.1595
973,-0.1043
974,-0.3686
975,0.3374
976,-0.0108
977,-0.1282
978,0.6382
979,0.2882
980,-0.0416
981,-0.2893
982,0.4541
983,0.1884
984,-0.1024
985,-0.3524
986,0.3472
987,0.0792
988,-0.1518
989,-0.4662
990,0.2725
991,-0.0844
992,-0.2104
993,0.4193
994,0.1472
995,-0.1706
996,-0.4063
997,0.2870
998,0.0126
999,-0.2455
1000,0.5081
1001,0.1868
1002,-0.0899
1003,-0.3296
1004,0.3144
1005,0.0360
1006,-0.3089
1007,0.4613
1008,0.1980
1009,-0.1241
1010,-0.4093
1011,0.3380
1012,0.0310
1013,-0.2521
1014,0.3654
1015,0.2261
1016,-0.1453
1017,-0.4966
1018,0.2466
1019,-0.0024
1020,-0.2895
1021,0.3898
1022,0.0978
1023,-0.1949
