0,0.000,724.155
1,-1.000,723.155
2,-4.000,720.155
3,-9.000,715.155
4,-16.000,708.155
5,-25.000,699.155
6,-36.000,688.155
7,-49.000,675.155
8,-64.000,660.155
9,-81.000,643.155
10,-100.000,624.155
11,-121.000,603.155
12,-144.000,580.155
13,-169.000,555.155
14,-196.000,528.155
15,-225.000,499.155
16,-256.000,468.155
17,-289.000,435.155
18,-324.000,400.155
19,-361.000,363.155
20,-400.000,324.155
21,-441.000,283.155
22,-484.000,240.155
23,224.287,255.862
24,177.287,208.862
25,128.287,159.862
26,77.287,108.862
27,24.287,55.862
28,240.000,256.254
29,183.000,199.254
30,124.000,140.254
31,63.000,79.254
32,0.000,16.254
33,183.544,208.743
34,116.544,141.743
35,47.544,72.743
36,228.093,246.024
37,155.093,173.024
38,80.093,98.024
39,3.093,21.024
40,171.243,195.507
41,90.243,114.507
42,7.243,31.507
43,199.000,231.508
44,112.000,144.508
45,23.000,55.508
46,183.509,203.858
47,90.509,110.858
48,-4.491,15.858
49,144.087,169.039
50,45.087,70.039
51,207.686,217.753
52,104.686,114.753
53,-0.314,9.753
54,156.000,168.047
55,47.000,59.047
56,182.278,196.339
57,69.278,83.339
58,210.691,227.014
59,93.691,110.014
60,217.631,255.059
61,96.631,134.059
62,252.000,295.116
63,127.000,170.116
64,0.000,43.116
65,119.928,144.067
66,243.018,270.071
67,110.018,137.071
68,230.519,275.888
69,93.519,138.888
70,220.000,240.078
71,79.000,99.078
72,187.803,202.521
73,42.803,57.521
74,141.371,161.505
75,-7.629,12.505
76,105.436,114.876
77,215.000,239.094
78,60.000,84.094
79,152.756,205.164
80,-6.244,46.164
81,75.557,103.678
82,174.526,235.575
83,9.526,70.575
84,112.000,126.027
85,194.170,264.829
86,23.170,93.829
87,66.262,141.118
88,165.517,199.758
89,-11.483,22.758
90,92.000,165.802
91,145.057,175.258
92,225.856,274.133
93,40.856,89.133
94,100.727,141.534
95,191.000,217.256
96,0.000,26.256
97,49.804,66.084
98,105.037,145.157
99,153.835,185.438
100,240.000,257.809
101,39.000,56.809
102,81.760,114.123
103,134.607,164.041
104,190.046,198.454
105,239.000,250.011
106,28.000,39.011
107,48.544,73.813
108,108.934,117.753
109,125.595,156.224
110,188.000,210.630
111,216.322,236.796
112,-6.678,13.796
113,18.512,36.885
114,38.785,111.200
115,87.000,104.356
116,103.172,136.652
117,108.053,189.212
118,119.429,158.116
119,175.000,203.055
120,163.556,289.103
121,197.340,213.827
122,195.080,239.692
123,231.000,238.062
124,227.810,274.388
125,230.484,262.515
126,239.410,255.938
127,255.000,353.108
128,0.000,98.108
129,229.653,271.516
130,249.607,264.190
131,247.000,315.267
132,220.308,248.629
133,184.455,247.168
134,212.396,248.444
135,207.000,222.170
136,112.988,228.571
137,163.622,181.169
138,137.268,164.828
139,135.000,145.139
140,110.075,118.796
141,64.739,91.876
142,0.923,63.160
143,31.000,66.617
144,-40.421,27.881
145,196.181,229.919
146,188.000,203.284
147,115.641,236.333
148,108.092,124.908
149,56.509,109.128
150,28.000,50.022
151,225.162,244.626
152,170.467,197.689
153,143.000,154.506
154,12.552,115.273
155,4.867,49.449
156,240.000,285.260
157,148.405,185.695
158,117.679,134.894
159,59.587,64.414
160,0.000,11.770
161,148.569,293.400
162,121.057,181.806
163,55.000,89.712
164,222.345,254.629
165,163.179,180.964
166,92.000,114.756
167,-1.340,24.481
168,174.933,201.253
169,111.000,150.010
170,26.234,37.974
171,183.327,213.382
172,112.000,125.653
173,7.198,30.314
174,175.071,205.860
175,95.000,109.124
176,-28.444,4.655
177,128.280,194.646
178,60.000,91.030
179,206.873,222.877
180,97.190,121.624
181,7.000,203.216
182,133.075,164.127
183,41.047,78.220
184,188.675,222.720
185,74.215,103.381
186,220.000,245.924
187,85.140,139.571
188,232.686,255.802
189,119.000,138.321
190,247.697,308.889
191,124.694,142.059
192,0.000,24.527
193,38.724,200.143
194,252.000,264.337
195,105.036,135.203
196,233.436,260.984
197,103.000,123.277
198,216.150,233.593
199,65.526,117.788
200,167.226,195.413
201,23.075,53.321
202,156.000,218.534
203,-14.943,15.258
204,88.727,132.859
205,209.311,221.347
206,49.407,73.838
207,159.000,174.634
208,-23.753,2.485
209,9.667,271.287
210,181.081,193.297
211,18.029,43.480
212,112.000,156.043
213,172.966,221.261
214,15.573,79.200
215,102.172,113.586
216,155.429,253.979
217,15.000,38.011
218,50.281,138.545
219,167.000,187.898
220,223.484,245.278
221,50.937,66.463
222,105.449,136.590
223,147.956,203.190
224,0.000,21.787
225,56.173,65.829
226,124.000,147.540
227,105.424,209.947
228,240.000,247.699
229,-12.200,144.772
230,86.553,117.888
231,137.776,195.301
232,146.824,205.679
233,227.673,324.333
234,20.358,36.393
235,71.000,116.511
236,106.931,130.963
237,151.000,159.463
238,153.867,192.531
239,223.000,290.702
240,-7.758,14.066
241,23.082,35.830
242,32.894,73.474
243,81.226,93.244
244,42.182,113.533
245,113.918,139.197
246,145.421,165.481
247,157.933,210.257
248,176.941,240.661
249,202.661,225.101
250,186.609,227.314
251,221.965,275.138
252,221.613,260.757
253,241.980,290.472
254,248.988,266.713
255,148.923,511.000
256,0.000,362.077
257,240.287,258.012
258,208.528,257.020
259,226.243,265.387
260,195.862,249.035
261,223.686,264.391
262,201.899,224.339
263,158.339,222.059
264,156.743,209.067
265,165.519,185.579
266,151.803,177.082
267,133.467,204.818
268,105.756,117.774
269,73.526,114.106
270,55.170,67.918
271,16.934,38.758
272,-12.673,8.258
273,223.000,230.585
274,169.037,193.069
275,151.000,175.675
276,103.607,119.642
277,71.000,106.310
278,14.872,69.967
279,213.112,244.447
280,86.228,243.200
281,134.172,154.532
282,90.104,99.178
283,10.556,70.736
284,240.000,252.642
285,177.611,198.515
286,124.000,249.069
287,57.722,79.516
288,0.000,12.962
289,188.849,219.444
290,62.021,160.571
291,52.414,63.828
292,217.739,266.034
293,167.000,198.267
294,71.520,96.971
295,15.000,22.817
296,189.515,215.753
297,92.137,122.130
298,21.653,33.689
299,192.519,209.449
300,112.000,200.086
301,16.679,46.925
302,149.212,201.474
303,92.057,111.623
304,-20.984,6.564
305,159.000,181.756
306,-13.143,148.276
307,199.941,217.306
308,104.335,115.710
309,-8.802,14.314
310,156.000,174.124
311,22.619,51.785
312,160.780,197.953
313,59.639,84.863
314,212.123,228.127
315,103.000,113.779
316,235.345,268.444
317,101.140,131.929
318,252.000,257.657
319,63.529,183.889
320,0.000,34.420
321,117.519,143.340
322,237.371,269.655
323,119.000,134.398
324,226.526,278.788
325,101.586,106.413
326,220.000,296.561
327,68.551,113.133
328,186.311,213.533
329,35.870,69.994
330,143.092,159.908
331,7.000,23.787
332,84.119,152.421
333,210.124,237.261
334,60.000,97.926
335,122.429,238.012
336,-28.444,7.604
337,95.000,104.062
338,183.937,225.547
339,19.062,35.590
340,112.000,121.225
341,101.897,227.444
342,25.884,64.571
343,111.000,125.841
344,178.204,198.678
345,9.776,40.405
346,92.000,121.257
347,144.877,177.240
348,218.843,258.963
349,55.000,72.965
350,115.742,145.943
351,160.882,235.738
352,0.000,18.618
353,16.836,69.244
354,118.495,138.629
355,147.112,192.481
356,240.000,282.227
357,31.986,48.309
358,89.247,99.314
359,143.000,174.508
360,174.257,199.456
361,26.845,751.000
362,28.000,752.155
363,56.287,87.862
364,100.093,118.024
365,146.509,166.858
366,188.000,200.047
367,200.631,238.059
368,-7.072,17.067
369,31.000,51.078
370,53.436,62.876
371,67.557,95.678
372,107.170,177.829
373,135.000,208.802
374,132.727,173.534
375,156.037,196.157
376,181.760,214.123
377,207.000,218.011
378,194.595,225.224
379,218.512,236.885
380,231.172,264.652
381,247.000,275.055
382,227.080,271.692
383,238.484,270.515
384,0.000,98.108
385,255.000,323.267
386,244.396,280.444
387,235.622,253.169
388,238.075,246.796
389,231.000,266.617
390,193.181,226.919
391,203.092,219.908
392,169.006,203.130
393,175.000,186.506
394,147.742,158.639
395,128.679,145.894
396,73.212,125.474
397,87.000,121.712
398,56.179,73.964
399,27.207,35.231
400,-1.766,9.974
401,207.198,230.314
402,188.000,202.124
403,120.280,186.646
404,103.873,119.877
405,65.137,90.361
406,28.000,61.032
407,239.000,264.924
408,184.686,207.802
409,138.697,199.889
410,89.735,109.067
411,39.000,51.337
412,240.000,260.277
413,169.526,221.788
414,100.075,130.321
415,41.057,71.258
416,0.000,9.942
417,191.000,206.634
418,38.667,300.287
419,50.029,75.480
420,213.966,262.261
421,158.172,169.586
422,92.000,115.011
423,12.774,19.599
424,187.937,203.463
425,95.485,116.389
426,8.308,66.253
427,191.822,200.896
428,112.000,119.699
429,17.553,48.888
430,142.824,201.679
431,87.358,103.393
432,-13.017,54.303
433,150.916,182.273
434,60.000,127.702
435,215.000,223.605
436,106.226,118.244
437,-10.655,21.629
438,130.141,191.721
439,31.941,95.661
440,158.609,199.314
441,79.000,100.113
442,220.000,235.754
443,-3.077,359.000
444,225.287,243.012
445,107.093,143.381
446,245.351,313.440
447,108.899,131.339
448,0.000,36.901
449,127.000,135.904
450,252.000,263.315
451,105.526,146.106
452,225.934,247.758
453,98.469,137.133
454,201.037,225.069
455,68.760,83.243
456,178.321,237.176
457,47.000,77.797
458,156.000,173.356
459,5.104,14.178
460,73.747,131.692
461,202.410,233.551
462,54.722,76.516
463,112.455,200.719
464,-61.979,36.571
465,43.800,107.427
466,147.579,191.241
467,23.000,30.817
468,112.000,145.574
469,199.000,239.960
470,19.742,49.943
471,107.587,135.774
472,189.057,208.623
473,-2.655,20.172
474,18.857,180.276
475,110.111,171.303
476,235.548,249.198
477,46.560,59.655
478,92.780,129.953
479,181.376,205.810
480,0.000,10.779
481,63.000,81.450
482,124.000,129.657
483,183.000,217.420
484,240.000,293.895
485,32.436,59.984
486,78.526,130.788
487,140.305,177.595
488,168.727,271.448
489,227.870,261.994
490,15.092,31.908
491,62.514,91.480
492,107.124,134.261
493,144.831,162.378
494,171.832,234.545
495,206.484,248.347
496,-3.938,12.590
497,11.308,55.920
498,57.884,96.571
499,35.800,108.215
500,106.776,137.405
501,128.546,136.954
502,153.562,185.165
503,157.466,198.273
504,184.242,218.483
505,159.425,220.474
506,217.124,226.564
507,195.112,240.481
508,224.941,262.369
509,244.247,254.314
510,248.493,272.757
511,238.138,269.713
512,0.000,724.155
